review_id,rating_date,count_helpful,count_unhelpful,employee_length,employee_status,employee_type,flag_covid,flag_featured,flags_business_outlook,flags_ceo_approval,flags_recommend_frend,rating_culture_values,rating_diversity_inclusion,rating_overall,rating_work_life,summary,review_advice,career_opportunities_rating,employee_location,employee_job_title,advice_to_management,review_pros,review_cons,rating_compensation_benefits,rating_senior_leadership,rating_career_opportunities,summary cleaned,pros_cleaned,summary_cleaned,cons_cleaned,advice_cleaned
1,2025-06-03T00:00:00.000Z,0.0,0.0,0.0,REGULAR,Current employee,False,False,,,,0.0,0,3.0,0.0,Amazon,,,"Richmond, VA",Warehouse Fulfillment Associate,don‚Äôt micro manage,"not interactive 
can leave or take off whenever as long as you have time 
easy work","inhumane 
draining physically &amp; mentally",0.0,0.0,0.0,amazon,interactive leave take whenever long time easy work,amazon,inhumane draining physically amp mentally,don‚Äôt micro manage
2,2025-05-29T00:00:00.000Z,0.0,0.0,1.0,CONTRACT,"Current employee, less than 1 year",False,False,POSITIVE,APPROVE,POSITIVE,5.0,5,4.0,3.0,Good,,,"Brampton, ON",Warehouse Associate,Remove all attitude manager from warehouse,good and easy work enviorment,"Sticks rules and completing targets any how, otherwise get warning",5.0,3.0,5.0,good,good easy work enviorment,good,sticks rules completing targets otherwise get warning,remove attitude manager warehouse
3,2025-05-28T00:00:00.000Z,0.0,0.0,1.0,REGULAR,"Current employee, less than 1 year",False,False,POSITIVE,APPROVE,POSITIVE,5.0,5,5.0,5.0,Good experience,,,"Bolton, ON",Warehouse Associate,,"help to grow , good pay ,","limited opportunities for advancement,No clear path for promotion",5.0,5.0,5.0,good experience,help grow good pay,good experience,limited opportunities advancementno clear path promotion,
4,2025-05-26T00:00:00.000Z,0.0,0.0,2.0,PART_TIME,Current employees,False,False,POSITIVE,APPROVE,POSITIVE,2.0,2,3.0,2.0,Dhdh,,,"Swedesboro, NJ",Employee,,"Plenty of work
Meet new people","Tough on the body
Labor intensive",2.0,2.0,3.0,dhdh,plenty work meet new people,dhdh,tough body labor intensive,
5,2025-05-23T00:00:00.000Z,0.0,0.0,0.0,REGULAR,Current employee,False,False,,,,0.0,0,4.0,0.0,Good Pay rate,,,"Whitby, ON",Fulfillment Associate,,"Good Holiday pay 
Additional benefits for permanent employees",Not hiring permanent employees directly,0.0,0.0,0.0,good pay rate,good holiday pay additional benefits permanent employees,good pay rate,hiring permanent employees directly,
6,2025-05-18T00:00:00.000Z,0.0,0.0,2.0,REGULAR,Former employees,False,False,,,,3.0,3,3.0,3.0,worst American sweat shop,,,"Kenosha, WI",Warehouse Associate,,"Nice people, Great pay and benefits.",management does not care about its employees. hours are way to long.,4.0,2.0,3.0,worst american sweat shop,nice people great pay benefits,worst american sweat shop,management care employees hours way long,
7,2025-05-17T00:00:00.000Z,0.0,0.0,4.0,REGULAR,Current employees,False,False,NEGATIVE,NO_OPINION,NEGATIVE,4.0,4,4.0,3.0,warehouse,,,"Oklahoma City, OK",Associate,should have physical strength,"learn lift trucks, pallet jack, flex schedule/ Shifts","fast paced working environment, weight lifting",5.0,5.0,4.0,warehouse,learn lift trucks pallet jack flex schedule shifts,warehouse,fast paced working environment weight lifting,physical strength
8,2025-05-15T00:00:00.000Z,0.0,0.0,0.0,REGULAR,Current employee,False,False,,,,2.0,4,2.0,1.0,less than ideal,,,,,no,decent work that wasnt too miserable,people in charge wasnt very good,3.0,2.0,4.0,less ideal,decent work wasnt miserable,less ideal,people charge wasnt good,
9,2025-05-14T00:00:00.000Z,0.0,0.0,1.0,REGULAR,"Former employee, less than 1 year",False,False,,,,0.0,0,3.0,0.0,Amazon,,,"Clarksville, TN",Fulfillment Associate,Get better,"Good pay, not too long hours",Management absolutely is terrible at communicating,4.0,0.0,3.0,amazon,good pay long hours,amazon,management absolutely terrible communicating,get better
10,2025-05-14T00:00:00.000Z,0.0,0.0,1.0,1,"Former employee, less than 1 year",False,False,,,,0.0,0,2.0,0.0,Keep Going keep trying,,,"Appleton, WI",Warehouse Worker,,Workout and regularly routine habit,"More work life,  less sleep .",0.0,0.0,0.0,keep going keep trying,workout regularly routine habit,keep going keep trying,work life less sleep,
11,2025-05-13T00:00:00.000Z,0.0,0.0,4.0,REGULAR,Former employees,False,False,POSITIVE,APPROVE,POSITIVE,5.0,5,5.0,5.0,Amazon Fulfillment Center BDL2,,,"Windsor, CT",Picker/Packer,Appreciation for employees,"Tuition reimbursement 
Schedule flexibility 
Benefits
Salary
Overtime opportunities","Standing +10 hours
Noise
Safety hazards 
Overworking
Get write ups for not meeting their rate expectations",5.0,4.0,4.0,amazon fulfillment center bdl2,tuition reimbursement schedule flexibility benefits salary overtime opportunities,amazon fulfillment center bdl2,standing 10 hours noise safety hazards overworking get write ups meeting rate expectations,appreciation employees
12,2025-05-07T00:00:00.000Z,0.0,0.0,0.0,REGULAR,Current employee,False,False,,,,0.0,0,3.0,0.0,pro/cons,,,"Sparrows Point, MD",WHSS,,The benefits are great and start immediately,The workplace culture is bad,0.0,0.0,0.0,procons,benefits great start immediately,procons,workplace culture bad,
13,2025-05-04T00:00:00.000Z,0.0,0.0,0.0,REGULAR,Former employee,False,False,,,,0.0,0,5.0,0.0,warehouse associate,,,"Ajax, ON",Warehouse Associate,,"good pay
stress-free
hard working","night-shift
overtime
no cons at all",0.0,0.0,0.0,warehouse associate,good pay stressfree hard working,warehouse associate,nightshift overtime cons,
14,2025-05-04T00:00:00.000Z,0.0,0.0,2.0,REGULAR,Current employees,False,False,,,,0.0,0,3.0,0.0,Not the worst,,,"Louisville, TN",FC Associate I,,"4 day weeks, good benefits. OT usually available",Its a physical job so prepare to be tired.,0.0,0.0,0.0,worst,4 day weeks good benefits ot usually available,worst,physical job prepare tired,
15,2025-04-27T00:00:00.000Z,0.0,0.0,1.0,REGULAR,"Former employee, less than 1 year",False,False,,,POSITIVE,0.0,0,4.0,1.0,One full year of employment,,,"Suffolk, VA",Shipping and Receiving,,A good reference for previous work.,No cons to my knowledge.,0.0,0.0,0.0,one full year employment,good reference previous work,one full year employment,cons knowledge,
16,2025-04-24T00:00:00.000Z,0.0,0.0,1.0,REGULAR,"Former employee, less than 1 year",False,False,NEGATIVE,DISAPPROVE,NEGATIVE,1.0,1,2.0,3.0,worst experience ever,,,"Hamilton, ON",Order Picker,"lose the hiring bias, you know what I mean",most of the people were great,"fired without notification, one day my badge just didnt work, wasting my time and my bus fare",3.0,1.0,3.0,worst experience ever,people great,worst experience ever,fired without notification one day badge didnt work wasting time bus fare,lose hiring bias know mean
17,2025-04-24T00:00:00.000Z,0.0,0.0,1.0,PART_TIME,"Former employee, less than 1 year",False,False,,,,5.0,0,5.0,0.0,Amazing expirience,,,,Project Management Intern,,"Quality work
Lot to learn","No contract extenscion
Hard to find anything in Amazon again",4.0,0.0,5.0,amazing expirience,quality work lot learn,amazing expirience,contract extenscion hard find anything amazon,
18,2025-04-23T00:00:00.000Z,0.0,0.0,2.0,REGULAR,Current employees,False,False,POSITIVE,APPROVE,POSITIVE,5.0,5,3.0,3.0,Good environment,,,"Ottawa, ON",Associate,,nice to start for students,not for long term job,5.0,5.0,5.0,good environment,nice start students,good environment,long term job,
19,2025-04-21T00:00:00.000Z,0.0,0.0,0.0,PART_TIME,Current employee,False,False,,,,0.0,0,4.0,0.0,Good place,,,"Durham, NC",Warehouse Associate,,flexible schedule if you are felx,work can feel repetitive and boring,0.0,0.0,0.0,good place,flexible schedule felx,good place,work feel repetitive boring,
20,2025-04-19T00:00:00.000Z,0.0,0.0,2.0,REGULAR,Current employees,False,False,NEUTRAL,NO_OPINION,POSITIVE,5.0,5,4.0,5.0,Great,,,"Reno, NV",Production,,"Nice place to work
Nice hours for night shift 6:30pm-5am
UPT PTO and Vacation",There is favoritism- like any other job.,4.0,5.0,5.0,great,nice place work nice hours night shift 630pm5am upt pto vacation,great,favoritism like job,
21,2025-04-16T00:00:00.000Z,0.0,0.0,2.0,REGULAR,Former employees,False,False,NEGATIVE,NO_OPINION,NEGATIVE,3.0,4,3.0,1.0,Okay for the most part,,,"Chicago, IL",Driver,Get better with scheduling,During peak season good pay and great hours,When peak season over it leave you struggling,3.0,4.0,2.0,okay part,peak season good pay great hours,okay part,peak season leave struggling,get better scheduling
22,2025-04-15T00:00:00.000Z,0.0,0.0,4.0,REGULAR,Current employees,False,False,,,NEGATIVE,5.0,5,4.0,2.0,good company to work,,,"Cambridge, ON",Process Assistant,,Good pay for a process assistant.,"bit stressful, to be honest, as we have a tight workload in our station.",4.0,3.0,4.0,good company work,good pay process assistant,good company work,bit stressful honest tight workload station,
23,2025-04-11T00:00:00.000Z,0.0,0.0,1.0,REGULAR,"Former employee, less than 1 year",False,False,NEGATIVE,DISAPPROVE,NEGATIVE,1.0,1,1.0,1.0,Behandlung von Mitarbeitern,,,Winsen (Luhe),Area Manager,"Das Management gibt vor, sich um Sie zu k√ºmmern und Sie kennen zu lernen und Ihnen zu helfen. In Wirklichkeit geht es aber darum, Sie auszubeuten und in der Schwebe zu halten.","Die Bezahlung und die berufliche Entwicklung, die man durch die Begegnung mit vielen Menschen und das Erlernen neuer Prozesse erf√§hrt.","In dieser FC werden Mitarbeiter und Neueinstellungen wie Nummern behandelt, und sie versuchen, dich loszuwerden, wenn du ihren toxischen Standards nicht mit den niedrigsten Manieren gerecht wirst.",4.0,1.0,2.0,behandlung von mitarbeitern,die bezahlung und die berufliche entwicklung die man durch die begegnung mit vielen menschen und das erlernen neuer prozesse erf√§hrt,behandlung von mitarbeitern,dieser fc werden mitarbeiter und neueinstellungen wie nummern behandelt und sie versuchen dich loszuwerden wenn du ihren toxischen standards nicht mit den niedrigsten manieren gerecht wirst,das management gibt vor sich um sie zu k√ºmmern und sie kennen zu lernen und ihnen zu helfen wirklichkeit geht es aber darum sie auszubeuten und der schwebe zu halten
24,2025-04-09T00:00:00.000Z,0.0,0.0,2.0,REGULAR,Former employees,False,False,POSITIVE,APPROVE,POSITIVE,5.0,5,4.0,4.0,Good Benefits and Management,,,"Barrhaven, ON",Fulfillment Associate,,"Wage increase 3, 6, 12 month and so on.

Great Full-time benefits 

Work Perks and Discount through Venngo",Warehouse (repetitive work and corporation like layout) dull.. but great people and management,5.0,4.0,4.0,good benefits management,wage increase 3 6 12 month great fulltime benefits work perks discount venngo,good benefits management,warehouse repetitive work corporation like layout dull great people management,
25,2025-04-08T00:00:00.000Z,0.0,0.0,2.0,REGULAR,Current employees,False,False,,,,4.0,2,4.0,3.0,Its pretty good at working at Amazon,,,"Hamilton, ON",Associate,,Good wages as a Warehouse associate,working environment gets a little bit noisy,5.0,5.0,3.0,pretty good working amazon,good wages warehouse associate,pretty good working amazon,working environment gets little bit noisy,
26,2025-04-02T00:00:00.000Z,0.0,0.0,1.0,REGULAR,"Current employee, less than 1 year",False,False,NEGATIVE,DISAPPROVE,NEGATIVE,1.0,1,1.0,1.0,Avoid working here at all cost,,,"Saint Peters, MO",Picker,,"Always hours available, anytime pay","Long hours, minimal light, will write you up for bathroom breaks, mandatory overtime with little to no heads up. This place drains you emotionally and physically.",1.0,1.0,1.0,avoid working cost,always hours available anytime pay,avoid working cost,long hours minimal light write bathroom breaks mandatory overtime little heads place drains emotionally physically,
27,2025-04-01T00:00:00.000Z,0.0,0.0,0.0,PART_TIME,Current employee,False,False,,,,0.0,0,4.0,0.0,Ok,,,"Corona, CA",Warehouse,,Easy starter job to work at,Can be fast paced and employment depends on management,0.0,0.0,0.0,ok,easy starter job work,ok,fast paced employment depends management,
28,2025-03-31T00:00:00.000Z,0.0,0.0,0.0,REGULAR,Current employee,False,False,,,,3.0,3,3.0,5.0,Amazon Fulfillment Center,,,Illescas,Mozo de almac%C3%A9n,,"Seguridad, compa√±erismo, comodidad, rotativos, adaptabilidad","Trabajo cansado, fines de semana, no posibilidad de cobrar m√°s",3.0,3.0,2.0,amazon fulfillment center,seguridad compa√±erismo comodidad rotativos adaptabilidad,amazon fulfillment center,trabajo cansado fines de semana posibilidad de cobrar m√°s,
29,2025-03-31T00:00:00.000Z,0.0,0.0,0.0,REGULAR,Former employee,False,False,,,,0.0,0,4.0,0.0,fun,,,"San Bernardino, CA",Inbound Stower,,benefits and not bad pay,no cons it was easy work people just complain,0.0,0.0,0.0,fun,benefits bad pay,fun,cons easy work people complain,
30,2025-03-31T00:00:00.000Z,0.0,0.0,1.0,REGULAR,"Current employee, less than 1 year",False,False,,,,0.0,0,5.0,0.0,Fulfillment Center,,,"Aurora, CO",Warehouse Associate,,"Flexible Schedule
4 day/10 hour shifts
Low Stress Environment
Frequent Overtime Opportunity","Monotonous Work
Not Particularly Rewarding Work
Work Can Become Slow from January to May",0.0,0.0,0.0,fulfillment center,flexible schedule 4 day10 hour shifts low stress environment frequent overtime opportunity,fulfillment center,monotonous work particularly rewarding work work become slow january may,
31,2025-03-31T00:00:00.000Z,0.0,0.0,0.0,,Former employee,False,False,,,,0.0,0,4.0,0.0,Buen trabajo,,,Coslada,Mozo De Almacen,,"Buen sueldo, ambiente laboral agradable, respeto por las normas de seguridad","Descanso muy corto, muchos jefes por lo que las ordenes pueden variar de uno a otro y puede confundir al empleado.",0.0,0.0,0.0,buen trabajo,buen sueldo ambiente laboral agradable respeto por las normas de seguridad,buen trabajo,descanso muy corto muchos jefes por lo que las ordenes pueden variar de uno otro puede confundir al empleado,
32,2025-03-27T00:00:00.000Z,0.0,0.0,2.0,REGULAR,Current employees,False,False,NEGATIVE,APPROVE,NEGATIVE,3.0,4,3.0,3.0,Amazon Warehouse Associate,,,"Ottawa, ON",Process Associate,"Try to focus more on employee engagement and break the barriers of community, race or personal biases
Give opportunities to employees to grow rather than nurturing a neo slavery attitude
There are many associates who are skilled and experienced but working in warehouse due to personal situation. Leadership should give them opportunity to optimize their skills and experience rather than taking their advantage and utilizing them for only labor works.","Best in class work environment
Experience working in robotic environment
Competitive work benefits and accommodations","Too much physical work with not much of Job security
Pressure for target work negatively impact physical and mental health
Biased leadership - does not justify experience skills or ability but personal connections and nepotism works more for training promotion and preferred job roles",3.0,2.0,3.0,amazon warehouse associate,best class work environment experience working robotic environment competitive work benefits accommodations,amazon warehouse associate,much physical work much job security pressure target work negatively impact physical mental health biased leadership justify experience skills ability personal connections nepotism works training promotion preferred job roles,try focus employee engagement break barriers community race personal biases give opportunities employees grow rather nurturing neo slavery attitude many associates skilled experienced working warehouse due personal situation leadership give opportunity optimize skills experience rather taking advantage utilizing labor works
33,2025-03-26T00:00:00.000Z,0.0,0.0,1.0,REGULAR,"Former employee, less than 1 year",False,False,NEUTRAL,APPROVE,POSITIVE,0.0,0,4.0,0.0,Hard work but decent pay,,,"Edgemere, MD",Order Picker,,"Good benefits, decent time off opportunities. Automatic hire without an interview.",Management will move you around the building a lot. I was a top performer in order picking and was moved to pack nearly every day.,0.0,0.0,0.0,hard work decent pay,good benefits decent time opportunities automatic hire without interview,hard work decent pay,management move around building lot top performer order picking moved pack nearly every day,
34,2025-03-26T00:00:00.000Z,0.0,0.0,1.0,PART_TIME,"Former employee, less than 1 year",False,False,,,POSITIVE,3.0,4,4.0,3.0,amzn,,,"San Antonio, TX",Fulfullment Associate,,They pay for you if you want to go to college.,it's just a lot of work you have to do,2.0,1.0,3.0,amzn,pay want go college,amzn,lot work,
35,2025-03-24T00:00:00.000Z,0.0,0.0,2.0,REGULAR,Current employees,False,False,NEGATIVE,,NEGATIVE,4.0,3,3.0,4.0,Salary,,,"Ajax, ON",Warehouse Associate,,"Good pay and benefits
Good people 
Safety first","Biased management 
Work like robots
No growth/opportunities",4.0,1.0,1.0,salary,good pay benefits good people safety first,salary,biased management work like robots growthopportunities,
36,2025-03-20T00:00:00.000Z,0.0,0.0,0.0,REGULAR,Former employee,False,False,,,,0.0,0,3.0,0.0,Amazon Warehouse,,,"Grand Rapids, MI",Warehouse Team Member,,It was close to home,Gloves were not strong enough,0.0,0.0,0.0,amazon warehouse,close home,amazon warehouse,gloves strong enough,
37,2025-03-19T00:00:00.000Z,0.0,0.0,0.0,REGULAR,Current employee,False,False,,,NEGATIVE,2.0,2,3.0,1.0,Good experience,,,"Tracy, CA",,,Good experience for fresh college graduate,very loud noise in Fulfillment center,3.0,1.0,4.0,good experience,good experience fresh college graduate,good experience,loud noise fulfillment center,
38,2025-03-19T00:00:00.000Z,0.0,0.0,1.0,PART_TIME,"Former employee, less than 1 year",False,False,,,,0.0,0,4.0,0.0,Good place to work seasonally,,,"West Jefferson, OH",Associate,,#NAME?,#NAME?,0.0,0.0,0.0,good place work seasonally,name,good place work seasonally,name,
39,2025-03-18T00:00:00.000Z,0.0,0.0,1.0,CONTRACT,"Former employee, less than 1 year",False,False,POSITIVE,APPROVE,POSITIVE,4.0,5,5.0,4.0,Inbound Receiving,,,"Brampton, ON",Warehouse Associate,,"Good work culture and pay also
events for extracurriculam activity",Quiet racist because most employee is belong from one group or race,5.0,5.0,5.0,inbound receiving,good work culture pay also events extracurriculam activity,inbound receiving,quiet racist employee belong one group race,
40,2025-03-18T00:00:00.000Z,0.0,0.0,2.0,REGULAR,Current employees,False,False,,,,5.0,5,5.0,5.0,Satisfied,,,"London, ON",Associate,,Work life balance and benefits,Mandatory extra time is required,5.0,5.0,5.0,satisfied,work life balance benefits,satisfied,mandatory extra time required,
41,2025-03-13T00:00:00.000Z,0.0,0.0,0.0,REGULAR,Former employee,False,False,,,POSITIVE,3.0,2,4.0,4.0,Easy money,,,,AA(Amazon Associate),,The pay and benefits are really good,Toxic work environment and favoritism,5.0,4.0,4.0,easy money,pay benefits really good,easy money,toxic work environment favoritism,
42,2025-03-12T00:00:00.000Z,0.0,0.0,0.0,PART_TIME,Former employee,False,False,,,,0.0,0,4.0,0.0,Good salary and benefits,,,"Mississauga, ON",Warehouse Worker,,"Attractive pay , Employee Benefits",Contractual basis hiring based on business need,0.0,0.0,0.0,good salary benefits,attractive pay employee benefits,good salary benefits,contractual basis hiring based business need,
43,2025-03-08T00:00:00.000Z,0.0,0.0,0.0,REGULAR,Current employee,False,False,POSITIVE,APPROVE,POSITIVE,5.0,5,4.0,1.0,Muy buena opci√≥n de trabajo.,,,,Mozo De Almacen,Tener coche propio ya que no hay manera de trasladarse en transporte p√∫blico.,"Muy Buenos beneficios.
Exelente ambiente de trabajo.
Ambiente de trabajo muy seguro.
Posibilidad de hacer carrera dentro de la empresa.","Salario no esta mal, pero se podr√≠a mejorar mucho m√°s para el trabajo que se hace all√≠.
Horarios rotativos (no te permite crear h√°bitos saludables ya que constantemente est√°s cambiando tu rutina diaria).
Trabajo fines de semana.
Trabajo muy repetitivo..",3.0,3.0,3.0,muy buena opci√≥n de trabajo,muy buenos beneficios exelente ambiente de trabajo ambiente de trabajo muy seguro posibilidad de hacer carrera dentro de la empresa,muy buena opci√≥n de trabajo,salario esta mal pero se podr√≠a mejorar mucho m√°s para el trabajo que se hace all√≠ horarios rotativos te permite crear h√°bitos saludables ya que constantemente est√°s cambiando tu rutina diaria trabajo fines de semana trabajo muy repetitivo,tener coche propio ya que hay manera de trasladarse en transporte p√∫blico
44,2025-03-07T00:00:00.000Z,0.0,0.0,4.0,REGULAR,Former employees,False,False,NEGATIVE,DISAPPROVE,NEGATIVE,1.0,1,2.0,1.0,culture terrible,,,"San Antonio, TX",Pathways Operations Manager,,Pay is comparable for ops,"poor work life balance, lack of leadership, very stressful job. No clear way for promotion or anyone to help you get there.",4.0,1.0,3.0,culture terrible,pay comparable ops,culture terrible,poor work life balance lack leadership stressful job clear way promotion anyone help get,
45,2025-03-05T00:00:00.000Z,0.0,0.0,0.0,REGULAR,Current employee,False,False,,,,0.0,0,4.0,0.0,Easy work,,,"Bolton, ON",Warehouse Associate,,"Career Choice program is a great way to start new career.
Good benefits",Co-workers speak in non English to each other infront of you.,0.0,0.0,0.0,easy work,career choice program great way start new career good benefits,easy work,coworkers speak non english infront,
46,2025-03-03T00:00:00.000Z,0.0,0.0,0.0,PART_TIME,Current employee,False,False,,,,0.0,0,5.0,0.0,Cool place to work,,,"Waukegan, IL",FC Associate,,Room to excel in your position,Extra shifts are never available,0.0,0.0,0.0,cool place work,room excel position,cool place work,extra shifts never available,
47,2025-03-03T00:00:00.000Z,0.0,0.0,2.0,PART_TIME,Current employees,False,False,,,,4.0,4,5.0,5.0,Not bad,,,"Kent, WA",Flex Associate,,Choose own hours and the work is not bad once you get use to it,Could be moved around a lot depending on different departments and sometimes hard to find shifts that you want to work in,4.0,5.0,4.0,bad,choose hours work bad get use,bad,could moved around lot depending different departments sometimes hard find shifts want work,
48,2025-03-03T00:00:00.000Z,0.0,0.0,2.0,REGULAR,Current employees,False,False,NEUTRAL,APPROVE,POSITIVE,5.0,5,3.0,2.0,"Review of Fulfillment Centre at St. Thomas, ON",,,,FC Associate I,"- Provide everyone equal chance
- Make All managers more responsible towards all associates bcz sometimes associates don't know the actual information of them when they ask help from managers and what they say to HR or Safety team
- Hiring of positions specially PA(Process Assistant) and Learning needs to be evaluated based on your ground level performance not based on connections (if your relatives who are in higher position get  hired in PA / Learning ) 
- Safety team needs to be more responsible bcz mostly they don't took actions against managers who needs more productivity to get promoted so that Associates are presurised to maintain those productivity and compromise safety which ultimately creates critical health issues for associates
- Some associates got less work or promoted or learn new skills compared to others as they are favourite of Managers or relatives. Plz stop this to be fair with everyone","Pay and Benefits they provide like maternity, accommodation, insurance","Work-life balance, Continuous work without sitting, almost all location with no public transportation, lack of chance in promotion and new skills as they show they are giving fair chance to everyone but it's not true at ground level. The people of certain community especially punjabi's got promotions at HR, PA and Manager level. Lack of support from HR as they are not giving proper information when you actually need. Safety at ground level is compromised by managers bcz they want more productivity to get promotion. The people who always praised their managers got extra-benefits on work and able to learn new skills than other hard-working associates",5.0,3.0,3.0,review fulfillment centre st thomas,pay benefits provide like maternity accommodation insurance,review fulfillment centre st thomas,worklife balance continuous work without sitting almost location public transportation lack chance promotion new skills show giving fair chance everyone true ground level people certain community especially punjabis got promotions hr pa manager level lack support hr giving proper information actually need safety ground level compromised managers bcz want productivity get promotion people always praised managers got extrabenefits work able learn new skills hardworking associates,provide everyone equal chance make managers responsible towards associates bcz sometimes associates dont know actual information ask help managers say hr safety team hiring positions specially paprocess assistant learning needs evaluated based ground level performance based connections relatives higher position get hired pa learning safety team needs responsible bcz mostly dont took actions managers needs productivity get promoted associates presurised maintain productivity compromise safety ultimately creates critical health issues associates associates got less work promoted learn new skills compared others favourite managers relatives plz stop fair everyone
49,2025-03-02T00:00:00.000Z,0.0,0.0,2.0,REGULAR,Former employees,False,False,NEUTRAL,NO_OPINION,NEGATIVE,1.0,3,3.0,5.0,Too monotonous for me.,,,"Bessemer, AL",Inbound Stower,"I understood the safety risk thing but the rule against having SOMETHING to distract you from the noise in your head for 10-11 hrs day after day when you're someone like me was kinda rough. Almost torturous. Just let people listen to music, man. lol",I got plenty of time off for mental stuff when I needed it when other places would have fired me,Then again.. this company might've contributed alot to why I needed so much time off lmao,4.0,1.0,1.0,monotonous,got plenty time mental stuff needed places would fired,monotonous,company mightve contributed alot needed much time lmao,understood safety risk thing rule something distract noise head 1011 hrs day day youre someone like kinda rough almost torturous let people listen music man lol
50,2025-03-01T00:00:00.000Z,0.0,0.0,4.0,PART_TIME,Current employees,False,False,,,,0.0,0,5.0,0.0,It was alright.,,,"Hawthorne, CA",Warehouse Associate,,Great experience because I got to see the warehouse built from ground up.,Became repetitive at some point.,0.0,0.0,0.0,alright,great experience got see warehouse built ground,alright,became repetitive point,
51,2025-03-01T00:00:00.000Z,0.0,0.0,6.0,REGULAR,Current employees,False,False,,,NEGATIVE,1.0,1,1.0,4.0,Workplace toxicity and favoritism,,,Sydney,IT Support Engineer,Apply practices that you preach and ensure it is followed by all and not just by the employees in the lower tier of the Organization's hierarchy. Train the Leaders and make sure they are doing due deligence for their role. Training future leaders won't make a bigger impact if the current leaders are exercising bias and have toxic traits while moving up the ladder.,A bit of learning if you are at the right place and the right team or assigned the right team member as a mentor.,"Don't bother joining IT though, there are no financial perks in it since they don't have casual/contract roles. The contract is cleverly worded to get you to work on weekends/night shifts without offering weekend/night shift allowances. No on-call pay either but they do reimburse *mobile bills*.
I have seen this culture in all departments and more so in IT.
Excessive flattery towards leadership, playing office politics, Seeking favoritism from leadership, appeasing leadership for personal gain, unhealthy admiration of authority, prioritizing leadership approval over team collaboration, performing for leadership rather than contributing meaningfully, Dysfunctional work environment, Hostile workplace dynamics, Unhealthy team culture, Negative organizational climate, Counterproductive work atmosphere, Culture of fear and favoritism, Lack of psychological safety in the workplace, Unprofessional and unsupportive work environment, Workplace toxicity and favoritism.",1.0,1.0,2.0,workplace toxicity favoritism,bit learning right place right team assigned right team member mentor,workplace toxicity favoritism,dont bother joining though financial perks since dont casualcontract roles contract cleverly worded get work weekendsnight shifts without offering weekendnight shift allowances oncall pay either reimburse mobile bills seen culture departments excessive flattery towards leadership playing office politics seeking favoritism leadership appeasing leadership personal gain unhealthy admiration authority prioritizing leadership approval team collaboration performing leadership rather contributing meaningfully dysfunctional work environment hostile workplace dynamics unhealthy team culture negative organizational climate counterproductive work atmosphere culture fear favoritism lack psychological safety workplace unprofessional unsupportive work environment workplace toxicity favoritism,apply practices preach ensure followed employees lower tier organizations hierarchy train leaders make sure due deligence role training future leaders wont make bigger impact current leaders exercising bias toxic traits moving ladder
52,2025-03-01T00:00:00.000Z,0.0,0.0,2.0,REGULAR,Former employees,False,False,POSITIVE,APPROVE,POSITIVE,5.0,5,4.0,4.0,Pros and cons,,,"Whitestown, IN",Warehouse Associate,Better pay hire on opportunity insurance for employees,Good place to work for lots of hours and keep you busy no down time .,Cons low pay no insurance temp service position,1.0,5.0,1.0,pros cons,good place work lots hours keep busy time,pros cons,cons low pay insurance temp service position,better pay hire opportunity insurance employees
53,2025-02-27T00:00:00.000Z,0.0,0.0,4.0,REGULAR,Former employees,False,False,,DISAPPROVE,NEGATIVE,1.0,1,1.0,1.0,Promote Based On Results Not Being a ‚ÄòYes Man‚Äô,,,,Operations Manager,"Value honesty and ethics, treat people better and promote based on results only not politics. Set regional records but unable to get promoted since I wouldn‚Äôt lie about an HR situation(s) that AGM was apart of. So shady!","Stocks given as bonuses, but they take 3-4 years to fully vest so can be a negative.","The expectation is to work 7 days per week and always be available via phone. Even if you work 12 hours more is expected once you‚Äôre home. 
Upper management promotions should be based on achievements and how your team response to you, not being a ‚Äòyes man‚Äô The last GM/AGM were extremely unethical and only promoted people who would lie for them and they also fudged numbers",2.0,1.0,1.0,promote based results ‚Äòyes man‚Äô,stocks given bonuses take 34 years fully vest negative,promote based results ‚Äòyes man‚Äô,expectation work 7 days per week always available via phone even work 12 hours expected you‚Äôre home upper management promotions based achievements team response ‚Äòyes man‚Äô last gmagm extremely unethical promoted people would lie also fudged numbers,value honesty ethics treat people better promote based results politics set regional records unable get promoted since wouldn‚Äôt lie hr situations agm apart shady
54,2025-02-26T00:00:00.000Z,0.0,0.0,0.0,REGULAR,Former employee,False,False,,,,0.0,0,3.0,0.0,Monotonous,,,"Dallas, TX",Inbound Stower,,"Easy job, and can move up if desired","physically demanding
only care about rates",0.0,0.0,0.0,monotonous,easy job move desired,monotonous,physically demanding care rates,
55,2025-02-26T00:00:00.000Z,0.0,0.0,2.0,REGULAR,Current employees,False,False,POSITIVE,APPROVE,POSITIVE,5.0,5,5.0,5.0,Fast-paced work with good benefits,,,"St. Thomas, ON",Inbound Receive Dock,Improve break times and workload balance to reduce fatigue and increase employee retention.,"Competitive pay and benefits
Opportunity for career growth
Fast-paced and active work environment
Team-oriented workplace culture
Training provided, no experience required",Repetitive tasks can be exhausting,5.0,5.0,5.0,fastpaced work good benefits,competitive pay benefits opportunity career growth fastpaced active work environment teamoriented workplace culture training provided experience required,fastpaced work good benefits,repetitive tasks exhausting,improve break times workload balance reduce fatigue increase employee retention
56,2025-02-25T00:00:00.000Z,0.0,0.0,0.0,REGULAR,Former employee,False,False,,,,0.0,0,3.0,0.0,Meh,,,"Illiopolis, IL",Operations Manager,,insane scope and opportunities- perks of being a part of huge company,untalented people in Sr positions that have gone far playing politics. Hard to advance if you don't have an agreeable personanlity,0.0,0.0,0.0,meh,insane scope opportunities perks part huge company,meh,untalented people sr positions gone far playing politics hard advance dont agreeable personanlity,
57,2025-02-25T00:00:00.000Z,0.0,0.0,1.0,REGULAR,"Former employee, less than 1 year",False,False,NEUTRAL,NO_OPINION,POSITIVE,4.0,5,4.0,2.0,Former Amazon Warehouse employee,,,"Joliet, IL",Seasonal Warehouse Associate,,"Pay, peak time/bonus pay+hours, chill staff","The labor and the lack of available resources/people for workers requests, troubles with job or app/pay.",5.0,3.0,5.0,former amazon warehouse employee,pay peak timebonus payhours chill staff,former amazon warehouse employee,labor lack available resourcespeople workers requests troubles job apppay,
58,2025-02-25T00:00:00.000Z,0.0,0.0,2.0,FREELANCE,Former employees,False,False,,,,5.0,5,5.0,5.0,Good income,,,"San Francisco, CA",Seller,,Flexible schedule adjust your time,Too much competition sometimes you gotta lower your prices so much to get more deal but not good profit,5.0,5.0,5.0,good income,flexible schedule adjust time,good income,much competition sometimes gotta lower prices much get deal good profit,
59,2025-02-25T00:00:00.000Z,0.0,0.0,0.0,REGULAR,Current employee,False,False,POSITIVE,APPROVE,POSITIVE,5.0,5,5.0,5.0,Best place to work,,,"Swindon, Wiltshire, South West England, England",AA(Amazon Associate),,"Good working environment
Good pay",Heavy lifting . Sometimes can be stressful,5.0,5.0,5.0,best place work,good working environment good pay,best place work,heavy lifting sometimes stressful,
60,2025-02-21T00:00:00.000Z,0.0,0.0,0.0,REGULAR,Former employee,False,False,,,,0.0,0,3.0,0.0,Picker Pay,,,"Fort Wayne, IN",Picker,,It is the easiest job I ever had.,They can get rid of you whenever they want.,0.0,0.0,0.0,picker pay,easiest job ever,picker pay,get rid whenever want,
61,2025-02-21T00:00:00.000Z,0.0,0.0,4.0,REGULAR,Former employees,False,False,,,,5.0,5,5.0,4.0,Super exp√©rience,,,Orl√©ans,HRA,,"Tr√®s bonne √©cole
salaires g√©n√©reux et CB avantageux","demande un investissement personnel important,",5.0,5.0,5.0,super exp√©rience,tr√®s bonne √©cole salaires g√©n√©reux et cb avantageux,super exp√©rience,demande un investissement personnel important,
62,2025-02-19T00:00:00.000Z,0.0,0.0,1.0,CONTRACT,"Former employee, less than 1 year",False,False,NEGATIVE,,POSITIVE,1.0,2,1.0,2.0,Befristet f√ºr 4 Monate,,,"Koblenz, Rhineland-Palatinate",,Ehrliche Security Mitarbeiter anstellen,Angemessen bezahlt und es gibt kein Dresscode bis auf Stahlkappenschuhe Verbot,"Die Security nervt ( ich wei√ü jemand von denen hat einen Sender ) von dem Magnet Tor wo man rein und raus geht ü§î.... 
Das Tor hat sogar dann gepiepst als ich 0 % Metal an hatte üò™",3.0,3.0,1.0,befristet f√ºr 4 monate,angemessen bezahlt und es gibt kein dresscode bis auf stahlkappenschuhe verbot,befristet f√ºr 4 monate,die security nervt ich wei√ü jemand von denen hat einen sender von dem magnet tor wo man rein und raus geht ü§î das tor hat sogar dann gepiepst als ich 0 metal hatte üò™,ehrliche security mitarbeiter anstellen
63,2025-02-18T00:00:00.000Z,0.0,0.0,4.0,REGULAR,Current employees,False,False,NEUTRAL,APPROVE,POSITIVE,3.0,3,4.0,4.0,Fulfillment worker,,,"San Antonio, TX",L1 Associate,,#NAME?,#NAME?,4.0,3.0,4.0,fulfillment worker,name,fulfillment worker,name,
64,2025-02-18T00:00:00.000Z,0.0,0.0,9.0,REGULAR,Current employees,False,False,POSITIVE,NO_OPINION,POSITIVE,4.0,3,4.0,3.0,Senior Program Manager | Lean Methodologies | Learning &amp; Quality Excellence | Driving Operational Efficiency,,,"Carrollton, TX",Sr Program Manager,"Trust your team to get the job done, and reward them when they do. ","Growth &amp; Development
Relationships
Innovation
Fun
The Actual Work is Awesome",The cons are the same as they would be at any job.,3.0,3.0,2.0,senior program manager lean methodologies learning amp quality excellence driving operational efficiency,growth amp development relationships innovation fun actual work awesome,senior program manager lean methodologies learning amp quality excellence driving operational efficiency,cons would job,trust team get job done reward
65,2025-02-18T00:00:00.000Z,0.0,0.0,0.0,REGULAR,Current employee,False,False,,,,0.0,0,5.0,0.0,Good,,,"Brampton, ON",Warehouse Associate,,"Good benefits 
Environment
Team work 
Great pay",I don‚Äôt think there is any downside,0.0,0.0,0.0,good,good benefits environment team work great pay,good,don‚Äôt think downside,
66,2025-02-18T00:00:00.000Z,0.0,0.0,2.0,REGULAR,Former employees,False,False,POSITIVE,DISAPPROVE,NEGATIVE,1.0,2,2.0,1.0,"High Pressure to Perform, Difficult to maintain Safety Standards",,,"San Bernardino, CA",ICQA Associate,"Your HR is so protective you're losing connection with your workers, and you should allow unions so that people feel safe to work for you and build a career.","Needed a job fast, onboarding was fast, skills requirements low, pay was at a local average. It was fun to work at a robotics fulfillment center","Metrics are always a part of their work experience. Day to day optimizations, PAs always coming by to give you feedback can make it seem like all that matters is your numbers. Focus on your numbers and output, focus focus focus. Problem for me was that even though I could do great and kept a high quality, maintaining that speed and quality was really draining, especially at 10 hour shifts in an industrial environment with literally only your 2 (sometimes none) neighbors to talk to to pass the long day of repetitive tasks. That's another thing, the physical and mental aspect of the repetitious task is not just mentally draining, but despite their regular safety meetings, warnings, and signs plastered all over the place, there's so much pressure to increase performance consistently that lots of people are cutting corners just to keep from getting canned. I myself ended up with a repetitive motion injury in my hand due to pulling items out of cubbies and it's basically already covered by their policies so there's nothing to do but grin and bear it. My recommendation? Educate yourself on the safety policies, speak up loudly and frequently in group settings when you feel something isn't safe (to keep leadership accountable) and don't push yourself physically to meet your numbers. It's difficult when you've got bills to pay but not worth your long term mobility and health. Build your skills and find work with another company that respects your body more.",3.0,1.0,3.0,high pressure perform difficult maintain safety standards,needed job fast onboarding fast skills requirements low pay local average fun work robotics fulfillment center,high pressure perform difficult maintain safety standards,metrics always part work experience day day optimizations pas always coming give feedback make seem like matters numbers focus numbers output focus focus focus problem even though could great kept high quality maintaining speed quality really draining especially 10 hour shifts industrial environment literally 2 sometimes none neighbors talk pass long day repetitive tasks thats another thing physical mental aspect repetitious task mentally draining despite regular safety meetings warnings signs plastered place theres much pressure increase performance consistently lots people cutting corners keep getting canned ended repetitive motion injury hand due pulling items cubbies basically already covered policies theres nothing grin bear recommendation educate safety policies speak loudly frequently group settings feel something isnt safe keep leadership accountable dont push physically meet numbers difficult youve got bills pay worth long term mobility health build skills find work another company respects body,hr protective youre losing connection workers allow unions people feel safe work build career
67,2025-02-18T00:00:00.000Z,0.0,0.0,2.0,REGULAR,Current employees,False,False,,,,0.0,0,3.0,0.0,Good,,,"Bellevue, WA",Software Development Engineer (SDE),,Good work and lot to learn,Too much work and no work life balance,0.0,0.0,0.0,good,good work lot learn,good,much work work life balance,
68,2025-02-17T00:00:00.000Z,0.0,0.0,1.0,PART_TIME,"Former employee, less than 1 year",False,False,,,,0.0,0,3.0,4.0,Not proper training,,,"Portland, OR",Sortation Associate,,"Good pay, shift options and benefits",Not being able to train well their employees,0.0,0.0,3.0,proper training,good pay shift options benefits,proper training,able train well employees,
69,2025-02-17T00:00:00.000Z,0.0,0.0,1.0,REGULAR,"Former employee, less than 1 year",False,False,POSITIVE,APPROVE,POSITIVE,5.0,5,5.0,4.0,Great Opportunity and Awesome Benefits,,,"Etna, OH",Associate,Hire me back. I didn‚Äôt know what I had until it was gone and I regret leaving.,"The benefits and how the Amazon AtoZ app worked was all great. It was so thorough and simple, and the work was repetitive but made time fly by.","There was a decent bit of people up there that didn‚Äôt speak much English and it would be hard to communicate with them sometimes, but everyone was helpful when needed.",5.0,4.0,4.0,great opportunity awesome benefits,benefits amazon atoz app worked great thorough simple work repetitive made time fly,great opportunity awesome benefits,decent bit people didn‚Äôt speak much english would hard communicate sometimes everyone helpful needed,hire back didn‚Äôt know gone regret leaving
70,2025-02-13T00:00:00.000Z,0.0,0.0,0.0,INTERN,Former employee,False,False,,,,0.0,0,4.0,0.0,HR Partner Intern at Amazon,,,"Tampa, FL",HR Partner Intern,,Good pay and benefits for the interns,"Since the site is 24 hours, you may get the night shift",0.0,0.0,0.0,hr partner intern amazon,good pay benefits interns,hr partner intern amazon,since site 24 hours may get night shift,
71,2025-02-12T00:00:00.000Z,0.0,0.0,0.0,CONTRACT,Former employee,False,False,,,,0.0,0,2.0,0.0,"Good, not great ",,,"Brampton, ON",Fulfillment Associate,,Daytime hours good for work/life balance,Nighttime shift is an absolute mess,0.0,0.0,0.0,good great,daytime hours good worklife balance,good great,nighttime shift absolute mess,
72,2025-02-11T00:00:00.000Z,0.0,0.0,0.0,INTERN,Former employee,False,False,,,,0.0,0,4.0,0.0,You get out what you put in,,,"Spokane, WA",Area Manager Intern,,hands on work with real experience managing associates,overwork the interns like an associate if you don't differentiate yourself or advocate for work,0.0,0.0,0.0,get put,hands work real experience managing associates,get put,overwork interns like associate dont differentiate advocate work,
73,2025-02-10T00:00:00.000Z,0.0,0.0,1.0,PART_TIME,"Current employee, less than 1 year",False,False,,,,5.0,5,5.0,5.0,great working place for starters,,,Paderborn,FC Associate I,,"fixed hours.
both parttime and fulltime available",should pay more for overtime.,5.0,5.0,5.0,great working place starters,fixed hours parttime fulltime available,great working place starters,pay overtime,
74,2025-02-07T00:00:00.000Z,0.0,0.0,2.0,REGULAR,Former employees,False,False,POSITIVE,APPROVE,POSITIVE,4.0,4,5.0,4.0,Good salary but difficult targets,,,"Brampton, ON",Warehouse Associate,Listen to your employees,They provide a healthy salary. Every six months a salary hike and good benefits.,They ask for difficult targets. There are some internal politics that still exist.,4.0,4.0,4.0,good salary difficult targets,provide healthy salary every six months salary hike good benefits,good salary difficult targets,ask difficult targets internal politics still exist,listen employees
75,2025-02-06T00:00:00.000Z,0.0,0.0,4.0,PART_TIME,Current employees,False,False,POSITIVE,APPROVE,POSITIVE,4.0,5,4.0,5.0,Amazon job,,,"Delta, BC",Warehouse Worker,,"Good schedule , good pay","Heavy work load, long shifts",5.0,4.0,5.0,amazon job,good schedule good pay,amazon job,heavy work load long shifts,
76,2025-02-06T00:00:00.000Z,0.0,0.0,1.0,CONTRACT,"Current employee, less than 1 year",False,False,NEUTRAL,APPROVE,POSITIVE,5.0,5,5.0,5.0,best pay rate,,,"Gateshead, England",FC Associate,,"good management, best work culture, nice colleagues","shift patterns, break timings, team leads",5.0,5.0,5.0,best pay rate,good management best work culture nice colleagues,best pay rate,shift patterns break timings team leads,
77,2025-02-04T00:00:00.000Z,0.0,0.0,4.0,REGULAR,Current employees,False,False,NEGATIVE,DISAPPROVE,NEGATIVE,1.0,2,1.0,1.0,Hard Pass,,,"Delta, BC",Process Associate,Focus more on taking care of the people who are driving your productivity and acknowledge they are why you are successful.,"Was a job that paid the bills. 
Makes you really appreciate working somewhere else","Only cared about increasing productivity and not at all about the people. Whoever coined them as equality opportunity employees needs to look up the definition. 
Save your physical and mental well being an look for employment elsewhere.",4.0,1.0,1.0,hard pass,job paid bills makes really appreciate working somewhere else,hard pass,cared increasing productivity people whoever coined equality opportunity employees needs look definition save physical mental well look employment elsewhere,focus taking care people driving productivity acknowledge successful
78,2025-02-03T00:00:00.000Z,0.0,0.0,0.0,REGULAR,Current employee,False,False,,,,4.0,4,4.0,3.0,It's not a technical job.,,,"Boston, MA",Non-Inventory Receiver,,"If you want to have a smooth start at work, I think it's a good idea",Internal promotion is a bit difficult and may take a long time.,4.0,4.0,4.0,technical job,want smooth start work think good idea,technical job,internal promotion bit difficult may take long time,
79,2025-01-28T00:00:00.000Z,0.0,0.0,0.0,PART_TIME,Current employee,False,False,,,,4.0,4,4.0,4.0,Sueldo base Amazon t√©cnico RME,,,El Prat de Llobregat,T√©cnico de mantenimiento industrial,,Horario flexible y muchos pluses en fin de semana,El metro tarda mucho en llegar al prat,4.0,4.0,4.0,sueldo base amazon t√©cnico rme,horario flexible muchos pluses en fin de semana,sueldo base amazon t√©cnico rme,el metro tarda mucho en llegar al prat,
80,2025-01-28T00:00:00.000Z,0.0,0.0,2.0,REGULAR,Former employees,False,False,,,,0.0,0,4.0,0.0,It's a good beginner job,,,"Chattanooga, TN",Warehouse Packer,,"Job is not hard, the people were friendly and helpful.",12 hour work days during busy times,0.0,0.0,0.0,good beginner job,job hard people friendly helpful,good beginner job,12 hour work days busy times,
81,2025-01-23T00:00:00.000Z,0.0,0.0,4.0,REGULAR,Former employees,False,False,NEGATIVE,APPROVE,POSITIVE,2.0,3,2.0,1.0,Great benefits on sign in but deteriorate rapidly after first year,,,"Mississauga, ON",Whs Specialist,,"Fast paced, challenging and great learning opportunities; great overall benefits from day 1","Hectic hours, little flexibility, pay structure, call out culture leads to internal fights to show who is better",3.0,2.0,2.0,great benefits sign deteriorate rapidly first year,fast paced challenging great learning opportunities great overall benefits day 1,great benefits sign deteriorate rapidly first year,hectic hours little flexibility pay structure call culture leads internal fights show better,
82,2025-01-17T00:00:00.000Z,0.0,0.0,0.0,REGULAR,Former employee,False,False,NEUTRAL,NO_OPINION,POSITIVE,2.0,4,3.0,3.0,"If you can deal with it, it‚Äôs a good job",,,,,,Very simple and not complicated,High expectations and comes with some petty drama,3.0,2.0,1.0,deal it‚Äôs good job,simple complicated,deal it‚Äôs good job,high expectations comes petty drama,
83,2025-01-16T00:00:00.000Z,0.0,0.0,1.0,PART_TIME,"Current employee, less than 1 year",False,False,,,,0.0,0,5.0,0.0,Amazing,,,Euskirchen,Sortiermitarbeiter,,"Gute Leitungen.
Gute Mitarbeitern
Gute Arbeit",Es gibt keine Kontras f√ºr der Arbeit,0.0,0.0,0.0,amazing,gute leitungen gute mitarbeitern gute arbeit,amazing,es gibt keine kontras f√ºr der arbeit,
84,2025-01-15T00:00:00.000Z,0.0,0.0,0.0,PART_TIME,Former employee,False,False,,,,0.0,0,3.0,0.0,Good place to learn,,,"Warrington, North West England, England",FC Associate,,Develops a strong work ethic for employees,No consideration of human feeling within the workplace,0.0,0.0,0.0,good place learn,develops strong work ethic employees,good place learn,consideration human feeling within workplace,
85,2025-01-11T00:00:00.000Z,0.0,0.0,1.0,REGULAR,"Former employee, less than 1 year",False,False,POSITIVE,NO_OPINION,POSITIVE,4.0,4,3.0,5.0,"Amazon FC Hamilton, a great place to work",,,"Hamilton, ON",Associate,Eliminate the hiring freeze.,"I made a mistake leaving, never should have. Hard job to do, but well worth it.","Can't get rehired. They aren't hiring now, or for the last while",4.0,3.0,3.0,amazon fc hamilton great place work,made mistake leaving never hard job well worth,amazon fc hamilton great place work,cant get rehired arent hiring last,eliminate hiring freeze
86,2025-01-11T00:00:00.000Z,0.0,0.0,2.0,REGULAR,Former employees,False,False,,,NEGATIVE,2.0,3,3.0,1.0,Don't get too comfortable,,,"Dallas, TX",Associate,,"The pay is not bad, and you are paid weekly.","They work you like a dog, regardless of age or ability. Their retention rate is ridiculous, and their managers always quit or are moved around.",3.0,3.0,2.0,dont get comfortable,pay bad paid weekly,dont get comfortable,work like dog regardless age ability retention rate ridiculous managers always quit moved around,
87,2025-01-11T00:00:00.000Z,0.0,0.0,1.0,REGULAR,"Current employee, less than 1 year",False,False,POSITIVE,APPROVE,POSITIVE,5.0,5,3.0,3.0,Hard work,,,"Huntley, IL",Palletizer,Move people around so they can get a break on positions. Give equal work to everyone . My manager favors groups of people,Can work with friends and can sometimes take your time. The job comes with sOME benefits,"A lot of work on the body. Depending where you‚Äôre placed, you‚Äôre doing the same thing for 10+ hours straight . lifting heavy heavy boxes.",5.0,2.0,5.0,hard work,work friends sometimes take time job comes benefits,hard work,lot work body depending you‚Äôre placed you‚Äôre thing 10 hours straight lifting heavy heavy boxes,move people around get break positions give equal work everyone manager favors groups people
88,2025-01-10T00:00:00.000Z,0.0,0.0,0.0,PART_TIME,Current employee,False,False,,,,3.0,4,3.0,2.0,Rating,,,"Edison, NJ",Stower,,"Make own hours
Good pay
Free food sometimes","Receptive 
Brain mush
Boring
Physically and mentally draining",3.0,3.0,3.0,rating,make hours good pay free food sometimes,rating,receptive brain mush boring physically mentally draining,
89,2025-01-10T00:00:00.000Z,0.0,0.0,4.0,REGULAR,Current employees,False,False,POSITIVE,APPROVE,NEGATIVE,4.0,4,3.0,4.0,Amazing company,,,"Hamilton, ON",Associate,Be kind,Benefit and vacation and TPO,Big loads hard hours long,4.0,4.0,4.0,amazing company,benefit vacation tpo,amazing company,big loads hard hours long,kind
90,2025-01-10T00:00:00.000Z,0.0,0.0,2.0,REGULAR,Former employees,False,False,NEGATIVE,DISAPPROVE,NEGATIVE,1.0,4,3.0,3.0,Heavy lifting,,,"Grimes, IA",Associate,,"Ok money, good supervisors, swag bucks",Heavy lifting/ safety is a concern but don't expect them to care or pay you for your injuries,2.0,2.0,3.0,heavy lifting,ok money good supervisors swag bucks,heavy lifting,heavy lifting safety concern dont expect care pay injuries,
91,2025-01-09T00:00:00.000Z,0.0,0.0,1.0,REGULAR,"Former employee, less than 1 year",False,False,,,,0.0,0,4.0,0.0,"Fulfillment Center Warehouse Associate Review ‚Äì Amazon MTN1, Wilmington",,,"Wilmington, DE",Fulfillment Center Warehouse Associate,"Streamline workflows to reduce strain during peak seasons.
Enhance recognition programs to boost morale.
Provide better training for new and current associates.
Act on employee feedback to improve job satisfaction.","Competitive pay and benefits (healthcare, 401k, stock options).
Opportunities for career advancement and skill development.
Fast-paced, engaging work environment.
Supportive team culture with approachable management.
Job stability with a global company.","Physically demanding, especially during peak seasons.
Long shifts with limited break times.
Fluctuating workload, sometimes stressful.
Noisy warehouse environment.",0.0,0.0,0.0,fulfillment center warehouse associate review ‚Äì amazon mtn1 wilmington,competitive pay benefits healthcare 401k stock options opportunities career advancement skill development fastpaced engaging work environment supportive team culture approachable management job stability global company,fulfillment center warehouse associate review ‚Äì amazon mtn1 wilmington,physically demanding especially peak seasons long shifts limited break times fluctuating workload sometimes stressful noisy warehouse environment,streamline workflows reduce strain peak seasons enhance recognition programs boost morale provide better training new current associates act employee feedback improve job satisfaction
92,2025-01-08T00:00:00.000Z,0.0,0.0,1.0,REGULAR,"Current employee, less than 1 year",False,False,POSITIVE,APPROVE,POSITIVE,1.0,1,2.0,1.0,It was terrible,,,"Monroe, OH",Cherry Picker,Stop flirting with employees and trying to get your way.,The pay was good that‚Äôs pretty much it,It‚Äôs a lot of drama and it‚Äôs all about who you know to do what you wanna do there. Even if you get a different roll you still will be paid the same.,5.0,1.0,1.0,terrible,pay good that‚Äôs pretty much,terrible,it‚Äôs lot drama it‚Äôs know wanna even get different roll still paid,stop flirting employees trying get way
93,2025-01-08T00:00:00.000Z,0.0,0.0,1.0,PART_TIME,"Current employee, less than 1 year",False,False,,,POSITIVE,4.0,4,4.0,5.0,Good Part Time opportunity,,,"Lubbock, TX",Seasonal Associate,,"The job is repetitive, relatively easy to learn. HR is onsite and helpful.","The job is physically demanding, but once you get used to it it isn't so bad. Work ethic varies greatly, and hard work is not appreciated besides compliments from managers.",4.0,3.0,3.0,good part time opportunity,job repetitive relatively easy learn hr onsite helpful,good part time opportunity,job physically demanding get used isnt bad work ethic varies greatly hard work appreciated besides compliments managers,
94,2025-01-03T00:00:00.000Z,0.0,0.0,2.0,REGULAR,Former employees,False,False,POSITIVE,DISAPPROVE,NEGATIVE,3.0,4,3.0,2.0,MCO1 Stow,,,"Orlando, FL",Warehouse Associate,stowers for waterspiders should not have such an indirect role -- they really do need just a little bit more direction/labor tracking.,"decent pay for the type of work
great benefits (insurance, 401k, company stock and education/Career Choice)
generous time-off policy
plenty of people to get to know if you are a people person","very physically demanding
keeping your job depends on your rate -- your rate can depend on your waterspider who may not care that you do not have enough work/""good"" work to make rate and stay out of the bottom 5%",4.0,3.0,2.0,mco1 stow,decent pay type work great benefits insurance 401k company stock educationcareer choice generous timeoff policy plenty people get know people person,mco1 stow,physically demanding keeping job depends rate rate depend waterspider may care enough workgood work make rate stay bottom 5,stowers waterspiders indirect role really need little bit directionlabor tracking
95,2025-01-02T00:00:00.000Z,0.0,0.0,0.0,PART_TIME,Current employee,False,False,,,,1.0,5,3.0,5.0,Its okay,,,"Robbinsville, NJ",Warehouse Sortation Associate,,It pays the bills I guess.,The flex up / flex down thing here can be really annoying.,3.0,2.0,1.0,okay,pays bills guess,okay,flex flex thing really annoying,
96,2025-01-01T00:00:00.000Z,0.0,0.0,4.0,REGULAR,Former employees,False,False,NEUTRAL,NO_OPINION,POSITIVE,4.0,4,3.0,4.0,Good place,,,"Etna, OH",AA(Amazon Associate),Management keeps rotating,Work on your own terms,Heavy items when slow season,3.0,3.0,3.0,good place,work terms,good place,heavy items slow season,management keeps rotating
97,2024-12-29T00:00:00.000Z,0.0,0.0,1.0,CONTRACT,"Current employee, less than 1 year",False,False,POSITIVE,APPROVE,POSITIVE,5.0,5,5.0,5.0,unkn,,,"Manchester, England",Warehouse Fulfillment Associate,the management is very good,Very good and nice culture,need to improve the salary range,5.0,5.0,5.0,unkn,good nice culture,unkn,need improve salary range,management good
98,2024-12-29T00:00:00.000Z,0.0,0.0,0.0,PART_TIME,Former employee,False,False,,,POSITIVE,0.0,0,5.0,0.0,A good place to work at,,,"Dallas, TX",ICQA Associate,Stay off the cat walk,The benefits starts on day1,The standing for a long period of times and short lunches,0.0,0.0,0.0,good place work,benefits starts day1,good place work,standing long period times short lunches,stay cat walk
99,2024-12-27T00:00:00.000Z,0.0,0.0,2.0,PART_TIME,Former employees,False,False,NEUTRAL,NO_OPINION,NEGATIVE,2.0,5,2.0,3.0,Wasn‚Äôt the greatest,,,"Greenfield, IN",Sorter Loader,,"The pay was good, and the time off accumulating every shift was nice","They really didn‚Äôt care about their workers when I worked there. 
Bathroom breaks were like they were not acceptable",2.0,3.0,2.0,wasn‚Äôt greatest,pay good time accumulating every shift nice,wasn‚Äôt greatest,really didn‚Äôt care workers worked bathroom breaks like acceptable,
100,2024-12-25T00:00:00.000Z,0.0,0.0,1.0,REGULAR,"Former employee, less than 1 year",False,False,NEGATIVE,DISAPPROVE,NEGATIVE,1.0,5,1.0,2.0,Not worth for the weather and long shifts,,,"Orlando, FL",Driver Associate,Don't tell your incoming employees that you'll offer bonuses and then say sike when they get hired,"Simple to do, 4 day work week","10 hour shifts and have to deal with heat and rain,",1.0,1.0,1.0,worth weather long shifts,simple 4 day work week,worth weather long shifts,10 hour shifts deal heat rain,dont tell incoming employees youll offer bonuses say sike get hired
101,2024-12-25T00:00:00.000Z,0.0,0.0,0.0,PART_TIME,Current employee,False,False,POSITIVE,APPROVE,POSITIVE,2.0,4,3.0,3.0,Decent,,,,Associate,,Decent pay here at this job nothing too crazy,As a part time you only get 15 mins break,2.0,3.0,3.0,decent,decent pay job nothing crazy,decent,part time get 15 mins break,
102,2024-12-17T00:00:00.000Z,0.0,0.0,0.0,REGULAR,Current employee,False,False,,,,5.0,5,5.0,5.0,A nice place to work,,,"Scarborough, ON",Warehouse Associate,,You will gain alot of knowledge,Be ready to stand for the whole shift,5.0,5.0,5.0,nice place work,gain alot knowledge,nice place work,ready stand whole shift,
103,2024-12-17T00:00:00.000Z,0.0,0.0,20.0,REGULAR,Current employees,False,False,,,POSITIVE,5.0,5,5.0,5.0,Great Benefits,,,"Charleston, TN",Human Resource Associate Partner,,Mutiple time off options. Above average health insurance options.,"Small department, not a lot of room to move up without moving.",4.0,5.0,5.0,great benefits,mutiple time options average health insurance options,great benefits,small department lot room move without moving,
105,2024-12-16T00:00:00.000Z,0.0,0.0,4.0,REGULAR,Current employees,False,False,,,,1.0,1,1.0,1.0,Physically Demanding job,,,"San Bernardino, CA",Quality Control,,lots of overtime. Worked 60hours/week,"The cons are the same as the pros, but this website doesn't allow me to copy the same response.",1.0,1.0,1.0,physically demanding job,lots overtime worked 60hoursweek,physically demanding job,cons pros website doesnt allow copy response,
106,2024-12-15T00:00:00.000Z,0.0,0.0,2.0,PART_TIME,Current employees,False,False,POSITIVE,DISAPPROVE,POSITIVE,3.0,4,4.0,3.0,Decent Pay,,,"Sparrows Point, MD",Associate,,"Freedom
Opportunities
Career choice
Decent Pay","Physically tiring
Poor Training
Not enough benefits",3.0,3.0,3.0,decent pay,freedom opportunities career choice decent pay,decent pay,physically tiring poor training enough benefits,
107,2024-12-15T00:00:00.000Z,0.0,0.0,2.0,REGULAR,Former employees,False,False,,,,1.0,3,1.0,1.0,Cold,,,"Rugeley, England",,,"Good managers, a lot of overtime available",Cold warehouse. Lonely isolating job,1.0,3.0,1.0,cold,good managers lot overtime available,cold,cold warehouse lonely isolating job,
108,2024-12-14T00:00:00.000Z,0.0,0.0,2.0,REGULAR,Current employees,False,False,POSITIVE,APPROVE,POSITIVE,3.0,4,5.0,4.0,Pay,,,"St. Thomas, ON",Associate,,Good pay rate for Associates,Lot of internal politics in the Amazon warehouses,5.0,5.0,5.0,pay,good pay rate associates,pay,lot internal politics amazon warehouses,
109,2024-12-12T00:00:00.000Z,0.0,0.0,0.0,REGULAR,Current employee,False,False,,,,0.0,0,5.0,0.0,Good place,,,"Council Bluffs, IA",Associate,,Good place to start a warehouse job.,Temperature is a little chilly.,0.0,0.0,0.0,good place,good place start warehouse job,good place,temperature little chilly,
110,2024-12-11T00:00:00.000Z,0.0,0.0,2.0,REGULAR,Former employees,False,False,,,,0.0,0,3.0,0.0,Boring,,,"Jeffersonville, IN",ICQA Associate,,"PTO, same work every night.",Lots of turn over. Monotonous,0.0,0.0,0.0,boring,pto work every night,boring,lots turn monotonous,
111,2024-12-08T00:00:00.000Z,0.0,0.0,4.0,REGULAR,Former employees,False,False,,,,5.0,5,4.0,4.0,Amazon,,,"Goodyear, AZ",Warehouse Worker,,They have really good benefits,Some jobs can get overwhelming,5.0,4.0,5.0,amazon,really good benefits,amazon,jobs get overwhelming,
112,2024-12-07T00:00:00.000Z,0.0,0.0,0.0,REGULAR,Current employee,False,False,,,,0.0,0,4.0,0.0,Good Job and Pay,,,"Leeds, England",Warehouse Associate,,"Easy, not much weight to handle","long shifts, stationed in one place",0.0,0.0,0.0,good job pay,easy much weight handle,good job pay,long shifts stationed one place,
113,2024-12-05T00:00:00.000Z,0.0,0.0,4.0,REGULAR,Current employees,False,False,,,NEGATIVE,2.0,3,3.0,1.0,"Good money, hardwork",,,"Edmonton, AB",Associate,,Good money better than average job,"Favouritism, no appreciation, more work you do more you‚Äôll get, less work you do less they will give",3.0,3.0,3.0,good money hardwork,good money better average job,good money hardwork,favouritism appreciation work you‚Äôll get less work less give,
114,2024-12-04T00:00:00.000Z,0.0,0.0,9.0,REGULAR,Current employees,False,False,POSITIVE,NO_OPINION,POSITIVE,3.0,5,3.0,1.0,Hard work,,,"Windsor, CT",Packer,,Fast Advancements and great benefits,Very high turnover and not much accountability. Very long hours during holiday season.,3.0,3.0,3.0,hard work,fast advancements great benefits,hard work,high turnover much accountability long hours holiday season,
115,2024-12-03T00:00:00.000Z,0.0,0.0,2.0,PART_TIME,Current employees,False,False,POSITIVE,APPROVE,POSITIVE,3.0,3,3.0,3.0,Not Bad,,,"Avenel, NJ",FC Associate I,Lower the rate. Or increase the pay. And give out more shifts.,Simple work is required of you.,Their rate per hour is slightly unreasonable due to the fact if the items are heavy in total it‚Äôs harder to walk around while pushing the heavy cart.,3.0,3.0,3.0,bad,simple work required,bad,rate per hour slightly unreasonable due fact items heavy total it‚Äôs harder walk around pushing heavy cart,lower rate increase pay give shifts
116,2024-12-03T00:00:00.000Z,0.0,0.0,4.0,REGULAR,Current employees,False,False,NEGATIVE,DISAPPROVE,NEGATIVE,1.0,1,1.0,1.0,Good benefits bad work culture,,,"Saint Louis, MO",Inbound Stower,"We are humans with our own lives outside of work. We are somebody‚Äôs child, wife, husband, father, mother or grandparent. We are not robots or machines to use and toss away whenever you feel like it. To some of us Amazon is one of our only choices to make a living for our families.","Great benefits, very flexible, lots of different positions to try out incase you don‚Äôt like your main role. Free holiday meals once a year. Come and leave work whenever you want using your unpaid time or pto. They lay for school and offer career programs although the tests to get into them are very difficult","Forced mandatory extra time. (My MET was 5 days of 11 1/2 hours and my regular shift is 3 days of 12 hours) you will get forced to cross trained and you will get labor shares to different departments wether you like that position or not. They have a very high expectations for making ‚Äúrates‚Äù in your position. Managers and anyone in lead positions will micromanage and breathe down your neck. You are always getting watched and judged and everyone will shut down any minimal concern you have because nobody cares. They just care about saving their own behind. If you get hurt, well you better pray that you don‚Äôt because their AmCare will send you to their own doctor and they will lie and say you weren‚Äôt hurt at all so that they don‚Äôt have to pay for your injury or have you sue them. Some departments are very strict and WILL find reasons to write you up. You have to use some of your break time to get back to your station and sign in and scan something by the end of your break or you will get in trouble. You will use some of your break time just walking to the break area because it is SO far and so are the restrooms and don‚Äôt forget you need to use your break time to come back from break on time or you‚Äôll get in trouble",3.0,1.0,3.0,good benefits bad work culture,great benefits flexible lots different positions try incase don‚Äôt like main role free holiday meals year come leave work whenever want using unpaid time pto lay school offer career programs although tests get difficult,good benefits bad work culture,forced mandatory extra time met 5 days 11 12 hours regular shift 3 days 12 hours get forced cross trained get labor shares different departments wether like position high expectations making ‚Äúrates‚Äù position managers anyone lead positions micromanage breathe neck always getting watched judged everyone shut minimal concern nobody cares care saving behind get hurt well better pray don‚Äôt amcare send doctor lie say weren‚Äôt hurt don‚Äôt pay injury sue departments strict find reasons write use break time get back station sign scan something end break get trouble use break time walking break area far restrooms don‚Äôt forget need use break time come back break time you‚Äôll get trouble,humans lives outside work somebody‚Äôs child wife husband father mother grandparent robots machines use toss away whenever feel like us amazon one choices make living families
117,2024-12-02T00:00:00.000Z,0.0,0.0,0.0,REGULAR,Former employee,False,False,,,,0.0,0,3.0,0.0,Amazon,,,"Orlando, FL",Picker,,A lot of hard work,Only care about the numbers,0.0,0.0,0.0,amazon,lot hard work,amazon,care numbers,
118,2024-11-30T00:00:00.000Z,0.0,0.0,2.0,PART_TIME,Current employees,False,False,,APPROVE,POSITIVE,5.0,5,5.0,4.0,Amazon review,,,"Ottawa, ON",Associate,,"It has good base pay, health benefits, and paid vacation.",Work is heavy sometimes and need physical strength.,5.0,5.0,5.0,amazon review,good base pay health benefits paid vacation,amazon review,work heavy sometimes need physical strength,
119,2024-11-29T00:00:00.000Z,0.0,0.0,1.0,REGULAR,"Current employee, less than 1 year",False,False,,APPROVE,POSITIVE,0.0,0,5.0,5.0,I loved working there,,,"Coconut Creek, FL",Picker/Packer,"Focus on Employee Well-Being.
Encourage a balance between productivity and employee health. Consider frequent breaks, ergonomic assessments, and wellness programs.","Employment stability 
Competitive pay
Benefits 
Diverse workforce","Physical demands 
Management challenges 
Monotonous tasks
High turnover rates
Fast spaced environment",5.0,0.0,5.0,loved working,employment stability competitive pay benefits diverse workforce,loved working,physical demands management challenges monotonous tasks high turnover rates fast spaced environment,focus employee wellbeing encourage balance productivity employee health consider frequent breaks ergonomic assessments wellness programs
120,2024-11-27T00:00:00.000Z,0.0,0.0,0.0,REGULAR,Former employee,False,False,,,,0.0,0,5.0,0.0,The pay is good but the work sometimes can be a bit.... Boring,,,"Charlotte, NC",Picking Associate,,Paid by the hour and if u stay long enough u get better pay well at least 1$ up,From what I've heard they treat ya like a number or a robot,0.0,0.0,0.0,pay good work sometimes bit boring,paid hour u stay long enough u get better pay well least 1,pay good work sometimes bit boring,ive heard treat ya like number robot,
121,2024-11-26T00:00:00.000Z,0.0,0.0,1.0,REGULAR,"Former employee, less than 1 year",False,False,POSITIVE,NO_OPINION,POSITIVE,3.0,5,4.0,2.0,Great place to start oit,,,"Calgary, AB",Dock Worker,,"Great benefits, great people to work with.",The work is very physically demanding,5.0,5.0,3.0,great place start oit,great benefits great people work,great place start oit,work physically demanding,
122,2024-11-23T00:00:00.000Z,0.0,0.0,1.0,REGULAR,"Former employee, less than 1 year",False,False,POSITIVE,APPROVE,POSITIVE,4.0,3,4.0,3.0,Salary at Amazon,,,"Sioux Falls, SD",Reliability & Maintenance Engineering,,Good pay from the company and lovely colleagues,Too much heat and a lot of noise,4.0,4.0,4.0,salary amazon,good pay company lovely colleagues,salary amazon,much heat lot noise,
123,2024-11-20T00:00:00.000Z,0.0,0.0,0.0,REGULAR,Former employee,False,False,,,,2.0,1,2.0,3.0,nothign,,,"St. Thomas, ON",Warehouse Worker,,good pay and nice shift hours,politics and partiality play a major role,4.0,1.0,2.0,nothign,good pay nice shift hours,nothign,politics partiality play major role,
124,2024-11-19T00:00:00.000Z,0.0,0.0,2.0,REGULAR,Former employees,False,False,,,,3.0,3,3.0,1.0,General,,,"Dartford, England",Warehouse Operative,,Flexible working schedules and good pay,Extremely physical. Employees treated as machine sometimes.,4.0,3.0,4.0,general,flexible working schedules good pay,general,extremely physical employees treated machine sometimes,
125,2024-11-18T00:00:00.000Z,0.0,0.0,0.0,REGULAR,Former employee,False,False,,,,1.0,1,1.0,1.0,Review,,,"Ottawa, ON",Warehouse Associate,"Treat associates with respect and dignity. Foster a more supportive environment, especially during challenging times, and ensure fair treatment for all employees, including those dealing with work-related injuries.","Good benefits.
Valuable working experience.
Opportunities to learn and grow.","Poor management support.
Lack of understanding during personal hardships.
Unfair treatment when injured on the job.
High-pressure environment with unrealistic expectations at times.",1.0,1.0,1.0,review,good benefits valuable working experience opportunities learn grow,review,poor management support lack understanding personal hardships unfair treatment injured job highpressure environment unrealistic expectations times,treat associates respect dignity foster supportive environment especially challenging times ensure fair treatment employees including dealing workrelated injuries
